opt_nu1,nu1_error
0.6000000000000001,-0.9396802325581395
