opt_nu1,nu1_error
0.6500000000000001,-0.8154559985281097
