opt_nu2,nu2_error
0.30000000000000004,22.636864186354092
