opt_nu1,nu1_error
0.35000000000000003,-0.9961489088575096
