opt_nu2,nu2_error
0.30000000000000004,18.592516798955412
